Actual,Predicted
0.0896777206912657,0.08967772069126576
0.1405885100420364,0.1405885100420365
0.0471742176553012,0.04717421765530133
0.0144792153199439,0.014479215319943908
0.0910789350770668,0.09107893507706685
0.0182157870154133,0.018215787015413522
0.0270901447921532,0.027090144792153277
